Workbook

Sheet Campaign Data
A1: Date | B1: Campaign ID | C1: Campaign Name | D1: Client | E1: Platform | F1: Objective | G1: Ad Type | H1: Country | I1: Device | J1: Audience | K1: Impressions | L1: Clicks | M1: Spend (USD) | N1: Conversions | O1: Revenue (USD) | P1: CTR | Q1: CPC (USD) | R1: CPA (USD) | S1: ROAS | T1: Conv. Rate | U1: Month
A2: 46023 | B2: CMP-1006 | C2: ANeshBox Foods | Lead Gen | Carousel | Q2 | D2: FreshBox Foods | E2: Meta Ads | F2: Lead Gen | G2: Carousel | H2: USA | I2: Desktop | J2: Interest-Based | K2: 7243 | L2: 86 | M2: 117.07 | N2: 2 | O2: 608.99 | P2: =IF(K2=0,0,L2/K2) -> 0.011873533 | Q2: =IF(L2=0,0,M2/L2) -> 1.3612791 | R2: =IF(N2=0,0,M2/N2) -> 58.535 | S2: =IF(M2=0,0,O2/M2) -> 5.2019305 | T2: =IF(L2=0,0,N2/L2) -> 0.023255814 | U2: =YEAR('Campaign Data'!$A2)&"-"&TEXT(MONTH('Campaign Data'!$A2),"00") -> 2026-01
A3: 46023 | B3: CMP-1016 | C3: PixelPay | Sales | Spark Ads | Q4 | D3: PixelPay | E3: TikTok Ads | F3: Sales | G3: Spark Ads | H3: UK | I3: Mobile | J3: Lookalike | K3: 3361 | L3: 22 | M3: 10.3 | N3: 1 | O3: 127.69 | P3: =IF(K3=0,0,L3/K3) -> 0.0065456709 | Q3: =IF(L3=0,0,M3/L3) -> 0.46818182 | R3: =IF(N3=0,0,M3/N3) -> 10.3 | S3: =IF(M3=0,0,O3/M3) -> 12.397087 | T3: =IF(L3=0,0,N3/L3) -> 0.045454545 | U3: =YEAR('Campaign Data'!$A3)&"-"&TEXT(MONTH('Campaign Data'!$A3),"00") -> 2026-01
A4: 46023 | B4: CMP-1018 | C4: Nova Fitness | Brand Awareness | Sponsored Content | Q2 | D4: Nova Fitness | E4: LinkedIn Ads | F4: Brand Awareness | G4: Sponsored Content | H4: USA | I4: Mobile | J4: Broad | K4: 5774 | L4: 22 | M4: 158.8 | N4: 0 | O4: 0 | P4: =IF(K4=0,0,L4/K4) -> 0.0038101836 | Q4: =IF(L4=0,0,M4/L4) -> 7.2181818 | R4: =IF(N4=0,0,M4/N4) -> 0 | S4: =IF(M4=0,0,O4/M4) -> 0 | T4: =IF(L4=0,0,N4/L4) -> 0 | U4: =YEAR('Campaign Data'!$A4)&"-"&TEXT(MONTH('Campaign Data'!$A4),"00") -> 2026-01
A5: 46023 | B5: CMP-1019 | C5: Zenith Realty | Brand Awareness | Display | Q3 | D5: Zenith Realty | E5: Google Ads | F5: Brand Awareness | G5: Display | H5: Australia | I5: Mobile | J5: Interest-Based | K5: 18134 | L5: 674 | M5: 1230.01 | N5: 40 | O5: 863.45 | P5: =IF(K5=0,0,L5/K5) -> 0.037167751 | Q5: =IF(L5=0,0,M5/L5) -> 1.8249407 | R5: =IF(N5=0,0,M5/N5) -> 30.75025 | S5: =IF(M5=0,0,O5/M5) -> 0.70198616 | T5: =IF(L5=0,0,N5/L5) -> 0.059347181 | U5: =YEAR('Campaign Data'!$A5)&"-"&TEXT(MONTH('Campaign Data'!$A5),"00") -> 2026-01
A6: 46023 | B6: CMP-1021 | C6: PixelPay | Lead Gen | Text Ads | Q1 | D6: PixelPay | E6: LinkedIn Ads | F6: Lead Gen | G6: Text Ads | H6: Germany | I6: Mobile | J6: Broad | K6: 2549 | L6: 19 | M6: 108.96 | N6: 2 | O6: 298.6 | P6: =IF(K6=0,0,L6/K6) -> 0.0074539035 | Q6: =IF(L6=0,0,M6/L6) -> 5.7347368 | R6: =IF(N6=0,0,M6/N6) -> 54.48 | S6: =IF(M6=0,0,O6/M6) -> 2.7404552 | T6: =IF(L6=0,0,N6/L6) -> 0.10526316 | U6: =YEAR('Campaign Data'!$A6)&"-"&TEXT(MONTH('Campaign Data'!$A6),"00") -> 2026-01
A7: 46023 | B7: CMP-1044 | C7: TravelNest | Brand Awareness | TopView | Q4 | D7: TravelNest | E7: TikTok Ads | F7: Brand Awareness | G7: TopView | H7: Canada | I7: Mobile | J7: Interest-Based | K7: 16507 | L7: 157 | M7: 96.67 | N7: 7 | O7: 153.54 | P7: =IF(K7=0,0,L7/K7) -> 0.0095111165 | Q7: =IF(L7=0,0,M7/L7) -> 0.61573248 | R7: =IF(N7=0,0,M7/N7) -> 13.81 | S7: =IF(M7=0,0,O7/M7) -> 1.5882901 | T7: =IF(L7=0,0,N7/L7) -> 0.044585987 | U7: =YEAR('Campaign Data'!$A7)&"-"&TEXT(MONTH('Campaign Data'!$A7),"00") -> 2026-01
A8: 46023 | B8: CMP-1044 | C8: TravelNest | Brand Awareness | TopView | Q4 | D8: TravelNest | E8: TikTok Ads | F8: Brand Awareness | G8: TopView | H8: USA | I8: Tablet | J8: Retargeting | K8: 3294 | L8: 59 | M8: 53.02 | N8: 1 | O8: 38.75 | P8: =IF(K8=0,0,L8/K8) -> 0.017911354 | Q8: =IF(L8=0,0,M8/L8) -> 0.89864407 | R8: =IF(N8=0,0,M8/N8) -> 53.02 | S8: =IF(M8=0,0,O8/M8) -> 0.73085628 | T8: =IF(L8=0,0,N8/L8) -> 0.016949153 | U8: =YEAR('Campaign Data'!$A8)&"-"&TEXT(MONTH('Campaign Data'!$A8),"00") -> 2026-01
A9: 46023 | B9: CMP-1048 | C9: UrbanCart | Brand Awareness | Reels | Q4 | D9: UrbanCart | E9: Meta Ads | F9: Brand Awareness | G9: Reels | H9: Germany | I9: Desktop | J9: Retargeting | K9: 8014 | L9: 135 | M9: 116.39 | N9: 7 | O9: 177.59 | P9: =IF(K9=0,0,L9/K9) -> 0.01684552 | Q9: =IF(L9=0,0,M9/L9) -> 0.86214815 | R9: =IF(N9=0,0,M9/N9) -> 16.627143 | S9: =IF(M9=0,0,O9/M9) -> 1.5258184 | T9: =IF(L9=0,0,N9/L9) -> 0.051851852 | U9: =YEAR('Campaign Data'!$A9)&"-"&TEXT(MONTH('Campaign Data'!$A9),"00") -> 2026-01
A10: 46023 | B10: CMP-1050 | C10: BrightSmile Dental | Sales | YouTube | Q2 | D10: BrightSmile Dental | E10: Google Ads | F10: Sales | G10: YouTube | H10: UAE | I10: Desktop | J10: Lookalike | K10: 3766 | L10: 286 | M10: 350.89 | N10: 19 | O10: 2206.52 | P10: =IF(K10=0,0,L10/K10) -> 0.075942645 | Q10: =IF(L10=0,0,M10/L10) -> 1.2268881 | R10: =IF(N10=0,0,M10/N10) -> 18.467895 | S10: =IF(M10=0,0,O10/M10) -> 6.2883525 | T10: =IF(L10=0,0,N10/L10) -> 0.066433566 | U10: =YEAR('Campaign Data'!$A10)&"-"&TEXT(MONTH('Campaign Data'!$A10),"00") -> 2026-01
A11: 46023 | B11: CMP-1051 | C11: BrightSmile Dental | Traffic | Audience | Q3 | D11: BrightSmile Dental | E11: Microsoft Ads | F11: Traffic | G11: Audience | H11: USA | I11: Desktop | J11: Interest-Based | K11: 3141 | L11: 104 | M11: 120.11 | N11: 8 | O11: 420.17 | P11: =IF(K11=0,0,L11/K11) -> 0.033110474 | Q11: =IF(L11=0,0,M11/L11) -> 1.1549038 | R11: =IF(N11=0,0,M11/N11) -> 15.01375 | S11: =IF(M11=0,0,O11/M11) -> 3.49821 | T11: =IF(L11=0,0,N11/L11) -> 0.076923077 | U11: =YEAR('Campaign Data'!$A11)&"-"&TEXT(MONTH('Campaign Data'!$A11),"00") -> 2026-01
A12: 46023 | B12: CMP-1056 | C12: UrbanCart | Brand Awareness | Sponsored Content | Q4 | D12: UrbanCart | E12: LinkedIn Ads | F12: Brand Awareness | G12: Sponsored Content | H12: USA | I12: Mobile | J12: Retargeting | K12: 6158 | L12: 42 | M12: 249.43 | N12: 0 | O12: 0 | P12: =IF(K12=0,0,L12/K12) -> 0.0068203962 | Q12: =IF(L12=0,0,M12/L12) -> 5.9388095 | R12: =IF(N12=0,0,M12/N12) -> 0 | S12: =IF(M12=0,0,O12/M12) -> 0 | T12: =IF(L12=0,0,N12/L12) -> 0 | U12: =YEAR('Campaign Data'!$A12)&"-"&TEXT(MONTH('Campaign Data'!$A12),"00") -> 2026-01
A13: 46023 | B13: CMP-1057 | C13: EduSpark | App Installs | Reels | Q1 | D13: EduSpark | E13: Meta Ads | F13: App Installs | G13: Reels | H13: Germany | I13: Mobile | J13: Interest-Based | K13: 2190 | L13: 16 | M13: 11.39 | N13: 0 | O13: 0 | P13: =IF(K13=0,0,L13/K13) -> 0.0073059361 | Q13: =IF(L13=0,0,M13/L13) -> 0.711875 | R13: =IF(N13=0,0,M13/N13) -> 0 | S13: =IF(M13=0,0,O13/M13) -> 0 | T13: =IF(L13=0,0,N13/L13) -> 0 | U13: =YEAR('Campaign Data'!$A13)&"-"&TEXT(MONTH('Campaign Data'!$A13),"00") -> 2026-01
... A5001: 46295 | B5001: CMP-1060 | C5001: EduSpark | Sales | Message Ads | Q4 | D5001: EduSpark | E5001: LinkedIn Ads | F5001: Sales | G5001: Message Ads | H5001: UAE | I5001: Mobile | J5001: Interest-Based | K5001: 1543 | L5001: 10 | M5001: 57.53 | N5001: 0 | O5001: 0 | P5001: =IF(K5001=0,0,L5001/K5001) -> 0.0064808814 | Q5001: =IF(L5001=0,0,M5001/L5001) -> 5.753 | R5001: =IF(N5001=0,0,M5001/N5001) -> 0 | S5001: =IF(M5001=0,0,O5001/M5001) -> 0 | T5001: =IF(L5001=0,0,N5001/L5001) -> 0 | U5001: =YEAR('Campaign Data'!$A5001)&"-"&TEXT(MONTH('Campaign Data'!$A5001),"00") -> 2026-09
